id,name,altArtName,url
ROTO-29/100-A,"Aa'une the Oligarch, Avatar",Default,https://i.imgur.com/KMFIyV7.png
ROTO-29/100-P,"Aa'une the Oligarch, Projection",Default,https://i.imgur.com/S2olBfa.png
OP-LR07/10,Abin-wor,Default,https://i.imgur.com/Yf9DivH.png
BTD-1/222,Accato,Default,https://i.imgur.com/MfQdTCL.png
ROTO-30/100,Aer'dak,Default,https://i.imgur.com/puoQdFf.png
AU-S05/26,Afjak,Default,https://i.imgur.com/tMNmpyK.png
ZOTH-1/100,Aggroar,Default,https://i.imgur.com/Xo7Xu1o.png
DOP-BR-08,Agitos,Default,https://i.imgur.com/3eyflqR.png
TOTT-8/100,"Agitos, Eloquent Motivator",Default,https://i.imgur.com/NhHoJyF.png
ROTO-15/100,Agrino Jaldar,Default,https://i.imgur.com/lQXxZUn.png
TOTT-15/100,Ailav,Default,https://i.imgur.com/xJO5Hjt.png
OP-OP1-7/20,Aimukk,Default,https://i.imgur.com/2tHyIzF.png
ROTO-1/100,Aivenna,Default,https://i.imgur.com/WkEWX1F.png
FUN-1/100,"Aivenna, OverWorld Lieutenant",Default,https://i.imgur.com/WJPCV3y.png
AU-S14/26,Ajara,Default,https://i.imgur.com/YzES6B0.png
FUN-25/100,Akkalbi,Default,https://i.imgur.com/CngHBQN.png
FUN-2/100,Akkerbal,Default,https://i.imgur.com/P5aEZAv.png
BTD-2/222,Akkrean,Default,https://i.imgur.com/7FC31s1.png
BTD-43/222,Alazdan,Default,https://i.imgur.com/zDDyJK4.png
AU-33/200,Ambolx,Default,https://i.imgur.com/fx3zLhX.png
FUN-9/100,Anarkiar,Default,https://i.imgur.com/qcWmTKq.png
ROTO-31/100,Anger'keem,Default,https://i.imgur.com/7B9QN6b.png
DOP-P-002,Antidaeon,Default,https://i.imgur.com/vvlkSQe.png
BTD-15/222,Aokua,Default,https://i.imgur.com/FLfT2hP.png
ROTO-22/100,Appelai,Default,https://i.imgur.com/TH7FwjZ.png
SS-1/100,Arbeid,Default,https://i.imgur.com/EZIBZHo.png
FAS-qsjl73tf,"Arctus, Heptadd's Squire",Default,https://i.imgur.com/ccyuO1K.png
DOP-1/232,Arias,Default,https://i.imgur.com/Jn8cs6S.png
DOP-72/232,Ario,Default,https://i.imgur.com/hkNzGqI.png
ZOTH-31/100,Arkanin,Default,https://i.imgur.com/iQkhTnv.png
ROTO-2/100,Arrthoa,Default,https://i.imgur.com/tvsXijD.png
AU-1/200,"Arrthoa, Captain of the Ezoa",Default,https://i.imgur.com/O5poqns.png
BTD-16/222,Asadab,Default,https://i.imgur.com/ZqYeyM3.png
AU-65/200,Ast'imal,Default,https://i.imgur.com/JXzPnys.png
FAS-26/100,"Aszil, the Young Queen",Default,https://i.imgur.com/QyUCmdc.png
SS-11/100,Atrapol,Default,https://i.imgur.com/PurXQ7V.png
DOP-2/232,Attacat,Default,https://i.imgur.com/tBbfg1i.png
ROTO-3/100,"Attacat, Tactical Aide",Default,https://i.imgur.com/PTSY3Hd.png
ROTO-16/100,Aureban,Default,https://i.imgur.com/iemqsDR.png
TOTT-29/100,Aval'par,Default,https://i.imgur.com/dlGXNOW.png
ROTO-32/100,"Bahrakatan, The Coralsmith",Default,https://i.imgur.com/K0u9jYC.png
ZOTH-16/100,Balaan,Default,https://i.imgur.com/HAe9qvS.png
DOP-BR-11,Banshor,Default,https://i.imgur.com/rMylyAn.png
DOP-29/232,Barath Beyond,Default,https://i.imgur.com/ShAshqe.png
FUN-10/100,"Barath Beyond, UnderWorld General",Default,https://i.imgur.com/0IPD0xS.png
ROTO-4/100,Biakan,Default,https://i.imgur.com/x8yZ2WU.png
FAS-15/100,Bidua,Default,https://i.imgur.com/YrEcFRl.png
ZOTH-17/100,Bierk,Default,https://i.imgur.com/T9pg3jT.png
DOP-73/232,Biondu,Default,https://i.imgur.com/RXJHjuy.png
BTD-44/222,Bivike,Default,https://i.imgur.com/ZKSiAD6.png
ROTO-8/100,Blaaxa,Default,https://i.imgur.com/cTFKAmw.png
BTD-17/222,Bladez,Default,https://i.imgur.com/cmYHXL2.png
OP-LR09/10,Blak'drin,Default,https://i.imgur.com/MEHc8n8.png
DOP-3/232,Blazier,Default,https://i.imgur.com/5nNWyWL.png
AU-2/200,"Blazier, Citadel Cartographer",Default,https://i.imgur.com/tpCDkAN.png
SS-21/100,"Blazvatan, The Epic Warbeast",Default,https://i.imgur.com/VxmUSjd.png
DOP-4/232,Blügon,Default,https://i.imgur.com/aFlMIEx.png
DOP-4/232,Blügon,Alt Art,https://i.imgur.com/jCg8Tke.jpeg
FUN-3/100,"Blügon, Winter Warrior",Default,https://i.imgur.com/kclkHmc.png
FUN-33/100,Bo'aam,Default,https://i.imgur.com/1dFnHD5.png
DOP-5/232,Bodal,Default,https://i.imgur.com/vAr7Sif.png
FAS-11/100,"Bodal, Flamedrill Researcher",Default,https://i.imgur.com/eOTf2US.png
DOP-30/232,Borth-Majar,Default,https://i.imgur.com/vwbHfcG.png
DOP-30/232,Borth-Majar,Alt Art,https://i.imgur.com/Ul2N3vW.jpeg
DOP-74/232,Brathe,Default,https://i.imgur.com/W3o3OWT.png
BTD-18/222,Brimflame,Default,https://i.imgur.com/LkajWDj.png
SS-22/100,Bylkian,Default,https://i.imgur.com/rXz6NWt.png
DOP-BR-09,Cerbie,Default,https://i.imgur.com/LroZWXd.png
BTD-29/222,Chaac,Default,https://i.imgur.com/lDZhCqA.png
DOP-31/232,Chaor,Default,https://i.imgur.com/QJFMpxn.png
DOP-31/232,Chaor,Alt Art,https://i.imgur.com/X5IwljL.jpeg
DOP-31/232,Chaor,Alt Art 2,https://i.imgur.com/tfQ5zRx.jpeg
FUN-11/100,"Chaor, The Fierce",Default,https://i.imgur.com/1VNO0Le.png
OP-OP1-4/20,Chargola,Default,https://i.imgur.com/y9ZQPoH.png
SS-2/100,Clodor,Default,https://i.imgur.com/MHJH2wy.png
DOP-6/232,Crawsectus,Default,https://i.imgur.com/QvVn1KG.png
AU-S01/26,Cromaxx,Default,https://i.imgur.com/zGRyJiu.png
FAS-21/100,Cyrenox,Default,https://i.imgur.com/wHLDWPb.png
ZOTH-18/100,Daj Huun,Default,https://i.imgur.com/Z3QUNTm.png
BTD-45/222,"Dakkamal, Melee Trainer",Default,https://i.imgur.com/PheV2HR.png
AU-3/200,Dalgad,Default,https://i.imgur.com/oKW5XO1.png
DOP-32/232,Dardemus,Default,https://i.imgur.com/bqTt0RK.png
ZOTH-19/100,Dasalin,Default,https://i.imgur.com/SB0AlAY.png
ROTO-17/100,Dhilas,Default,https://i.imgur.com/vsyQMcN.png
ZOTH-32/100,Dibanni,Default,https://i.imgur.com/GHvjhVj.png
DOP-7/232,Donmar,Default,https://i.imgur.com/Q7VZWvk.png
AU-4/200,"Donmar, Tablet Translator",Default,https://i.imgur.com/iMysnJw.png
TOTT-1/100,Drabe,Default,https://i.imgur.com/jlnrNXb.png
DOP-8/232,Dractyl,Default,https://i.imgur.com/OhtAz44.png
DOP-8/232,Dractyl,Alt Art,https://i.imgur.com/DPoB0AU.jpeg
DOP-33/232,Drakness,Default,https://i.imgur.com/LtLL3cN.png
BTD-30/222,Drazz,Default,https://i.imgur.com/6xqso5u.png
TOTT-30/100,Dreg'ora,Default,https://i.imgur.com/CBZRXVu.png
SS-23/100,Drimesse,Default,https://i.imgur.com/N9KxbqE.png
ROTO-33/100,Dror'niq,Default,https://i.imgur.com/IGXODnV.png
ZOTH-20/100,Dubin,Default,https://i.imgur.com/XndzlWU.png
OP-OP1-5/20,Dyrtax,Default,https://i.imgur.com/DOTNRko.png
BTD-46/222,Ebberim,Default,https://i.imgur.com/phkQS0k.png
FUN-26/100,Ebbikka,Default,https://i.imgur.com/wmHEyZm.png
BTD-57/222,Ebena'bakku,Default,https://i.imgur.com/46Ky4pg.png
OP-LR01/10,"Ebkeex, Patchwork Minion",Default,https://i.imgur.com/OHOiRSt.png
DOP-57/232,Ekuud,Default,https://i.imgur.com/Pwargnn.png
DOP-57/232,Ekuud,Alt Art,https://i.imgur.com/CE93r9s.jpeg
TOTT-22/100,Elhadd,Default,https://i.imgur.com/4KeR2HS.png
FUN-17/100,Elna,Default,https://i.imgur.com/6jrUY26.png
FUN-34/100,Em'swa,Default,https://i.imgur.com/d1BdNA6.png
TOTT-31/100,Emna'ool,Default,https://i.imgur.com/AnAIfAm.png
SS-24/100,Enre-hep,Default,https://i.imgur.com/89FMDzi.png
AU-49/200,"Enre-hep, High Muge of the Desert",Default,https://i.imgur.com/JCyHISQ.png
DOP-P-019,Epaluo,Default,https://i.imgur.com/d1eX9h4.png
ROTO-23/100,Epitrinne,Default,https://i.imgur.com/98WlXDA.png
BTD-58/222,Erak'tabb,Default,https://i.imgur.com/NciDcVY.png
SS-25/100,Ere,Default,https://i.imgur.com/M47BCRX.png
AU-5/200,Eremia,Default,https://i.imgur.com/QF4Zhcz.png
DOP-BR-01,Ettala,Default,https://i.imgur.com/UBXVukQ.png
DOP-P-016,"Ettala, Mind Controlled Brute",Default,https://i.imgur.com/pC1wtG4.png
TOTT-9/100,Eximiar,Default,https://i.imgur.com/dcgmXv1.png
ZOTH-21/100,Faash,Default,https://i.imgur.com/2nrAHLa.png
ROTO-34/100,Fal'makin,Default,https://i.imgur.com/kKIaC8N.png
AU-66/200,"Fal'makin, AZAIA Inquisitor",Default,https://i.imgur.com/otDhtQd.png
OP-LR08/10,Farhkaj,Default,https://i.imgur.com/nbFukeR.png
AU-50/200,Fasseph,Default,https://i.imgur.com/A7jA6uv.png
BTD-47/222,Fazkaal,Default,https://i.imgur.com/UEKHurd.png
SS-26/100,Fivarth,Default,https://i.imgur.com/woqB9KQ.png
SS-26/100,Fivarth,Alt Art,https://i.imgur.com/gugKUqS.jpeg
ROTO-35/100,Fla'gamp,Default,https://i.imgur.com/Sd8owLe.png
ROTO-18/100,Fliandar,Default,https://i.imgur.com/xSNwh4P.png
DOP-58/232,Formicidor,Default,https://i.imgur.com/2B8OhdP.png
DOP-9/232,Frafdo,Default,https://i.imgur.com/DLDmGJu.png
DOP-9/232,Frafdo,Alt Art,https://i.imgur.com/D8bycyE.jpeg
BTD-3/222,"Frafdo, The Hero",Default,https://i.imgur.com/cQBtCxM.png
TOTT-16/100,Gaffat-ra,Default,https://i.imgur.com/H1k5raH.png
TOTT-32/100,Gal'drad,Default,https://i.imgur.com/X7NL8N6.png
DOP-59/232,Galin,Default,https://i.imgur.com/HVCDIsF.png
TOTT-10/100,Galmedar,Default,https://i.imgur.com/phFHyk6.png
BTD-19/222,Gambreor,Default,https://i.imgur.com/5i58nfp.png
FUN-35/100,Gan'nim,Default,https://i.imgur.com/x9hxHw9.png
BTD-59/222,Gan'trak,Default,https://i.imgur.com/gcofpFc.png
AU-34/200,Gareep,Default,https://i.imgur.com/Z7bSZEo.png
ZOTH-2/100,Garv,Default,https://i.imgur.com/hXKLct3.png
OP-LR06/10,"Gazarbash, Infecting Terraformer",Default,https://i.imgur.com/CMjkc2T.png
ZOTH-6/100,Geltod,Default,https://i.imgur.com/YNrB6hV.png
DOP-10/232,Gespedan,Default,https://i.imgur.com/MmeC8LW.png
OP-OP1-6/20,Getterek,Default,https://i.imgur.com/dcUoExx.png
FUN-36/100,Ghar'lag,Default,https://i.imgur.com/vAZ8Hp1.png
OP-OP1-9/20,Ghatup,Default,https://i.imgur.com/eu6dSqr.png
AU-35/200,Ghundac,Default,https://i.imgur.com/g9E41ja.jpeg
DOP-34/232,Ghuul,Default,https://i.imgur.com/DqAGWEf.png
ROTO-5/100,Gimwei,Default,https://i.imgur.com/ytAjT6x.png
FAS-19/100,"Ginar'rash, The Extinguisher",Default,https://i.imgur.com/f1xmOeK.png
AU-51/200,"Gintanai, The Forgotten",Default,https://i.imgur.com/XOZEdQn.png
FUN-18/100,Glapaal,Default,https://i.imgur.com/kcUwwuj.png
ROTO-24/100,Glost,Default,https://i.imgur.com/Ctv07Yj.png
SS-27/100,Gnarlus,Default,https://i.imgur.com/PgmPQnG.png
FUN-19/100,"Gorram, Danian General",Default,https://i.imgur.com/x1o1bz3.png
FUN-27/100,"Grantkae, Mipedian General",Default,https://i.imgur.com/ihija6l.png
BTD-4/222,Grindaald,Default,https://i.imgur.com/Ko5wRG1.png
BTD-5/222,Gronmor,Default,https://i.imgur.com/MTiPucZ.png
DOP-35/232,Grook,Default,https://i.imgur.com/0prhebE.png
DOP-36/232,H'earring,Default,https://i.imgur.com/ESULIRi.png
ROTO-9/100,"H'earring, Tainted",Default,https://i.imgur.com/DTou1rv.png
AU-52/200,Habekh,Default,https://i.imgur.com/zcwiz21.png
ZOTH-7/100,Hammerdoom Chantcaller,Default,https://i.imgur.com/B7EINoV.png
SS-16/100,"Hammerdoom Chantcaller, Assimilated",Default,https://i.imgur.com/8hAioBA.png
ROTO-25/100,Headmaster Ankhyja,Default,https://i.imgur.com/EEA2fHV.png
AU-53/200,"Headmaster Ankhyja, Seeker of the Art",Default,https://i.imgur.com/AuT7Ake.png
DOP-11/232,Heptadd,Default,https://i.imgur.com/ePgP5EH.png
AU-6/200,Herken,Default,https://i.imgur.com/ZleuUaz.png
BTD-31/222,Hermatred,Default,https://i.imgur.com/Nnn9J5r.png
TOTT-23/100,Hiadrom,Default,https://i.imgur.com/5EvAQF3.png
AU-36/200,"Hiadrom, Rock Ripper",Default,https://i.imgur.com/caoxb1k.png
SS-3/100,Hifdan,Default,https://i.imgur.com/Vn2TYcj.png
DOP-60/232,Hota,Default,https://i.imgur.com/1o3IOVF.png
DOP-BR-03,Hoton,Default,https://i.imgur.com/ONC4x13.png
AU-7/200,Hune Canin,Default,https://i.imgur.com/tQ3TIvM.png
ZOTH-3/100,Hune Marquard,Default,https://i.imgur.com/uLVl2r6.png
FUN-4/100,"Hune Marquard, Brainwashed Scholar",Default,https://i.imgur.com/GUy2aQZ.png
ROTO-6/100,Hune Paltanin,Default,https://i.imgur.com/JCQq99d.png
TOTT-4/100,Hune Paltanin,Default,https://i.imgur.com/Ome3qEX.png
DOP-61/232,Ibiaan,Default,https://i.imgur.com/OtSfPnv.png
AU-54/200,Ifjann,Default,https://i.imgur.com/veAUAsQ.png
TOTT-17/100,"Iflar, The Crown Prince",Default,https://i.imgur.com/DLSE3Fg.png
TOTT-17/100,"Iflar, The Crown Prince",Alt Art,https://i.imgur.com/pA36nab.jpeg
BTD-60/222,Ihun'kalin,Default,https://i.imgur.com/7eLsVgU.png
AU-67/200,"Ihun'kalin, Psionic Master",Default,https://i.imgur.com/UegqaZL.png
BTD-6/222,"Ikkatosh, Guardian of Nature",Default,https://i.imgur.com/sqAOliy.png
DOP-P-010,"Ikkatosh, The Aich King",Default,https://i.imgur.com/cYfXRtC.png
ROTO-36/100,Ikub'ra,Default,https://i.imgur.com/3DA1Xjv.png
ZOTH-8/100,Illazar,Default,https://i.imgur.com/iAZVCzm.png
ZOTH-22/100,"Illexia, The Danian Queen",Default,https://i.imgur.com/yI8sL0h.png
AU-8/200,Illiar,Default,https://i.imgur.com/YLTjB1s.png
BTD-20/222,Ilx,Default,https://i.imgur.com/c9sxJJI.png
DOP-12/232,Intress,Default,https://i.imgur.com/F8B6EhN.png
TOTT-2/100,"Intress, Natureforce",Default,https://i.imgur.com/PEbOdN2.png
SS-4/100,Iparu,Default,https://i.imgur.com/1DHZIc1.png
AU-9/200,"Iparu, Metallic Ally",Default,https://i.imgur.com/soIKSRD.png
BTD-32/222,Irrabeq,Default,https://i.imgur.com/6BiwD37.png
DOP-P-017,Irsenog,Default,https://i.imgur.com/kgRPKH7.png
BTD-7/222,Issaley,Default,https://i.imgur.com/3tcdheR.png
TOTT-24/100,Ivelaan,Default,https://i.imgur.com/29dcf5I.png
AU-S15/26,Ixxik,Default,https://i.imgur.com/LITF5l5.png
ZOTH-23/100,Jaal,Default,https://i.imgur.com/5Tbl1jC.png
TOTT-3/100,Jaidwarl,Default,https://i.imgur.com/we4S9Qs.png
FUN-28/100,"Jorre, Mipedian Lieutenant",Default,https://i.imgur.com/S1l0RLi.png
BTD-48/222,Jumbad,Default,https://i.imgur.com/A0tIGqx.png
DOP-62/232,Junda,Default,https://i.imgur.com/HQ1P7JY.png
ROTO-37/100,Jus'hebban,Default,https://i.imgur.com/sps9qDs.png
AU-S09/26,Kaal,Default,https://i.imgur.com/PnhPfmO.png
BTD-33/222,Kalanju,Default,https://i.imgur.com/GxdP7z0.png
SS-5/100,Kalt,Default,https://i.imgur.com/1YCx5Vn.png
ZOTH-9/100,Kamangareth,Default,https://i.imgur.com/CFzmfSH.png
FUN-12/100,"Kamangareth, Unstable Ally",Default,https://i.imgur.com/e3gDTei.png
DOP-63/232,Kannen,Default,https://i.imgur.com/B5rmX6t.png
DOP-P-018,Kapalor,Default,https://i.imgur.com/uXbRgYV.png
SS-6/100,Karraba,Default,https://i.imgur.com/vkN3Cao.png
BTD-34/222,Katharaz,Default,https://i.imgur.com/Q1NMJ6d.png
DOP-64/232,Kebna,Default,https://i.imgur.com/Ud4W1Pm.png
ZOTH-24/100,Kelvedran,Default,https://i.imgur.com/SSSJtHd.png
FUN-20/100,"Kepiaan, Danian Lieutenant",Default,https://i.imgur.com/mDMXijd.png
DOP-37/232,Kerric,Default,https://i.imgur.com/0W5dIEQ.png
AU-17/200,Ketacc,Default,https://i.imgur.com/byjiYrH.png
AU-37/200,Ketun,Default,https://i.imgur.com/lDpWlQD.png
ZOTH-25/100,Khavakk,Default,https://i.imgur.com/xu9S0c8.png
AU-55/200,Khenti,Default,https://i.imgur.com/EJIGBQm.png
FUN-29/100,Khorror,Default,https://i.imgur.com/ZQ8OG3F.png
ZOTH-26/100,Khritlaan,Default,https://i.imgur.com/DQqkJnU.png
DOP-38/232,Khybon,Default,https://i.imgur.com/EzzvRVG.png
AU-18/200,"Khybon, Magma Dam Overseer",Default,https://i.imgur.com/3KhCmxz.png
ROTO-10/100,"Khybon, The Renegade",Default,https://i.imgur.com/NvwsugH.png
OP-LR03/10,Khybon's Engineered Automaton,Default,https://i.imgur.com/60qnqxX.png
TOTT-33/100,Ki'bro,Default,https://i.imgur.com/NotJx9C.png
BTD-49/222,"Kileron, Warbeast of the Dust Storm",Default,https://i.imgur.com/YHHFGoO.png
SS-7/100,"Kinnianne, Ambassador to the Mipedians",Default,https://i.imgur.com/gyURTfp.png
AU-S10/26,Kiru,Default,https://i.imgur.com/b8UqQJ4.png
BTD-61/222,Klar'nok,Default,https://i.imgur.com/bkCJ9KQ.png
DOP-39/232,Klasp,Default,https://i.imgur.com/L94bcGQ.png
TOTT-11/100,Klawam,Default,https://i.imgur.com/9nbScle.png
ROTO-19/100,Klencka,Default,https://i.imgur.com/JZySMYf.png
FUN-21/100,"Klencka, Avenger",Default,https://i.imgur.com/BnpWSbC.png
AU-68/200,Klik'ssi,Default,https://i.imgur.com/IEgkOfz.png
OP-ppbf43fg,Kobarri,Default,https://i.imgur.com/oIpsvUx.png
AU-56/200,Kojjbel,Default,https://i.imgur.com/NO3WoWh.png
ZOTH-33/100,Kolmo,Default,https://i.imgur.com/vWg53u0.png
SS-17/100,"Kolmo, Assimilated",Default,https://i.imgur.com/0mZBEtZ.png
AU-57/200,"Kolmo, Purified",Default,https://i.imgur.com/2hSTKw7.png
SS-12/100,Kopond,Default,https://i.imgur.com/2cEBufK.png
AU-19/200,"Kopond, High Muge of the Hearth",Default,https://i.imgur.com/Z2PB8zD.png
AU-S06/26,Korg,Default,https://i.imgur.com/5lwWGko.png
BTD-21/222,Kraade,Default,https://i.imgur.com/HMp0zur.png
BTD-22/222,Kreaal,Default,https://i.imgur.com/pmJ6oHp.png
DOP-40/232,Krekk,Default,https://i.imgur.com/VbyRkym.png
AU-20/200,"Krekk, Phalanx Recon",Default,https://i.imgur.com/OkhDl8F.png
DOP-41/232,Kughar,Default,https://i.imgur.com/4xzSHJF.png
DOP-41/232,Kughar,Alt Art,https://i.imgur.com/Jy8vKvv.jpeg
DOP-13/232,Laarina,Default,https://i.imgur.com/gMRkSHS.png
ROTO-38/100,Lam'inkal,Default,https://i.imgur.com/uceWUuh.png
SS-28/100,Lanker,Default,https://i.imgur.com/rgUHKwW.png
BTD-35/222,Lendai,Default,https://i.imgur.com/xIQDCaH.png
DOP-65/232,Lhad,Default,https://i.imgur.com/ssgABuy.png
SS-18/100,Lobanne,Default,https://i.imgur.com/P1WHK0y.png
FUN-5/100,Loderool,Default,https://i.imgur.com/XuizC06.png
ZOTH-4/100,Lomma,Default,https://i.imgur.com/dtNjrcT.png
AU-10/200,"Lomma, Desert Wanderer",Default,https://i.imgur.com/AzOIIGR.png
DOP-42/232,Lord Van Bloot,Default,https://i.imgur.com/u6ARBoT.png
DOP-42/232,Lord Van Bloot,Alt Art,https://i.imgur.com/pJZZ0Wn.jpeg
TOTT-12/100,"Lord Van Bloot, Servant of Aa'une",Default,https://i.imgur.com/8H9OTpI.png
DOP-66/232,Lore,Default,https://i.imgur.com/goOFSMi.png
FUN-22/100,"Lore, Ancestral Caller",Default,https://i.imgur.com/e4tRWNI.png
AU-38/200,"Lore, High Muge of the Hive",Default,https://i.imgur.com/p4rGSze.png
BTD-23/222,Lyssta,Default,https://i.imgur.com/yq5ONph.png
BTD-8/222,Lystone,Default,https://i.imgur.com/LmryGcT.png
DOP-14/232,Maglax,Default,https://i.imgur.com/IclEh7F.png
AU-11/200,"Maglax, Lodestone Seeker",Default,https://i.imgur.com/An0SvNQ.png
DOP-43/232,Magmon,Default,https://i.imgur.com/M9VVEfQ.png
AU-21/200,"Magmon, Engulfed",Default,https://i.imgur.com/JtMi7YQ.png
FUN-13/100,"Magmon, Retalliator",Default,https://i.imgur.com/NquyHwm.png
ZOTH-27/100,Mahrrant,Default,https://i.imgur.com/pt1CiE0.png
FUN-30/100,Majjcan,Default,https://i.imgur.com/3FDhFHW.png
TOTT-25/100,Makanaz,Default,https://i.imgur.com/gjyRuk0.png
SS-19/100,Makrabon,Default,https://i.imgur.com/akG5pul.png
AU-S13/26,Makromil,Default,https://i.imgur.com/s6Iixpf.png
BTD-50/222,"Maliph, Guard of the Palace",Default,https://i.imgur.com/C9sPm5s.png
DOP-67/232,Mallash,Default,https://i.imgur.com/rVM0J5m.png
DOP-75/232,Malvadine,Default,https://i.imgur.com/I8lbhYn.png
FAS-27/100,"Malvadine, The King's Herald",Default,https://i.imgur.com/zO3TGxq.png
DOP-76/232,Marquis Darini,Default,https://i.imgur.com/HRQxZEy.png
DOP-76/232,Marquis Darini,Alt Art,https://i.imgur.com/6QXbjvq.jpeg
FUN-23/100,Masilbaat,Default,https://i.imgur.com/t0BrrM6.png
DOP-15/232,Maxxor,Default,https://i.imgur.com/V9wEb0y.png
FAS-7/100,"Maxxor, Elemental Champion",Default,https://i.imgur.com/Se7b4Od.png
FUN-6/100,"Maxxor, Protector of Perim",Default,https://i.imgur.com/H2jqzfR.png
SS-29/100,Melke,Default,https://i.imgur.com/JRIaEqh.png
DOP-BR-02,Mezzmarr,Default,https://i.imgur.com/yA4aM2R.png
AU-39/200,Mhein,Default,https://i.imgur.com/Rge7OC3.png
ROTO-39/100,Mik'banin,Default,https://i.imgur.com/5b5WM3n.png
DOP-44/232,Miklon,Default,https://i.imgur.com/7Hd00zi.png
BTD-62/222,Milla'iin,Default,https://i.imgur.com/WwX6kJi.png
AU-69/200,"Milla'iin, Foothold Commander",Default,https://i.imgur.com/wHuoK0q.png
DOP-BR-04,Mishmoshmish,Default,https://i.imgur.com/8tAvVPB.png
BTD-36/222,Mivindal,Default,https://i.imgur.com/B8pT1Af.png
BTD-51/222,Mizkio,Default,https://i.imgur.com/hnZdpDy.png
ROTO-40/100,Mock'adyn,Default,https://i.imgur.com/5mQIGBR.png
AU-70/200,"Mock'adyn, Fluid Master",Default,https://i.imgur.com/cFQ4YTp.png
DOP-BR-10,Mommark,Default,https://i.imgur.com/AvVCrmR.png
OP-LR02/10,"Mommark, Clonemaster",Default,https://i.imgur.com/AvVCrmR.png
ZOTH-34/100,Munnari,Default,https://i.imgur.com/FwsfpsJ.png
SS-30/100,Na-inna,Default,https://i.imgur.com/ezRFYdW.png
TOTT-18/100,"Na-inna, Rebel of the Rao'Pa Sahkk",Default,https://i.imgur.com/SoAgG1y.png
DOP-16/232,Najarin,Default,https://i.imgur.com/ZUDGKDL.png
ROTO-7/100,"Najarin, Fluidmorphers' Foe",Default,https://i.imgur.com/flW5rXo.png
AU-12/200,"Najarin, High Muge of the Lake",Default,https://i.imgur.com/BXi0OqE.png
AU-S07/26,"Najarin, Younger",Default,https://i.imgur.com/n9zlzC0.png
OP-OP1-8/20,Nakal,Default,https://i.imgur.com/bT8V0t0.png
ZOTH-10/100,Narfall,Default,https://i.imgur.com/5cIxgpN.png
DOP-45/232,Nauthilax,Default,https://i.imgur.com/nLaGxLG.png
AU-22/200,"Nauthilax, Aquatic Spy",Default,https://i.imgur.com/UdM5hiK.png
BTD-24/222,"Nauthilax, Tainted",Default,https://i.imgur.com/JucvPCU.png
OP-OP1-1/20,Nebres,Default,https://i.imgur.com/emvYdcV.png
BTD-37/222,Necrabe,Default,https://i.imgur.com/2pX9EXr.png
TOTT-26/100,Neekwin,Default,https://i.imgur.com/Ljlu9ys.png
OP-OP1-2/20,Neffa,Default,https://i.imgur.com/xKmJRZt.png
BTD-63/222,Neth'uar,Default,https://i.imgur.com/OfGb7OL.png
BTD-38/222,Nimmei,Default,https://i.imgur.com/aiM1jkd.png
AU-40/200,"Nimmei, Expedition Overseer",Default,https://i.imgur.com/Q3ejBdi.png
AU-58/200,Ninren,Default,https://i.imgur.com/m6LpXuX.png
OP-LR10/10,Nis'dabba,Default,https://i.imgur.com/8tsZ44F.png
ROTO-11/100,Nivenna,Default,https://i.imgur.com/3giOsvc.png
FUN-14/100,"Nivenna, UnderWorld Lieutenant",Default,https://i.imgur.com/lnJQ9PY.png
TOTT-19/100,"Noaz, Mipedian Cavalerist",Default,https://i.imgur.com/i0qZRhS.png
AU-41/200,"Nom, Servant of Earth",Default,https://i.imgur.com/HqUNAuE.png
OP-LR05/10,Nukasai,Default,https://i.imgur.com/ufR3iDe.png
ROTO-41/100,Nunk'worn,Default,https://i.imgur.com/VFiXbU9.png
AU-42/200,"Nunk'worn, Assimilated",Default,https://i.imgur.com/hsF4Nli.png
DOP-68/232,Odu-Bathax,Default,https://i.imgur.com/QcLprFn.png
AU-43/200,"Odu-Bathax, Reservoir Reclaimer",Default,https://i.imgur.com/kZhAVuf.png
BTD-9/222,Okaxor,Default,https://i.imgur.com/PCiISR1.png
SS-8/100,Olkiex,Default,https://i.imgur.com/WKTLMlj.png
BTD-25/222,Ooloo,Default,https://i.imgur.com/vUR3N4r.png
DOP-P-003,Opto,Default,https://i.imgur.com/TtjN5sl.png
AU-44/200,Orbaat,Default,https://i.imgur.com/ZVlTUvl.png
ZOTH-11/100,Ornathor,Default,https://i.imgur.com/UTi91WS.png
TOTT-13/100,"Ørth, The Empowerer",Default,https://i.imgur.com/UCXs13Z.png
ROTO-26/100,Otinee,Default,https://i.imgur.com/XkIx5dl.png
BTD-52/222,Owayki,Default,https://i.imgur.com/K1032Kk.png
DOP-17/232,Owis,Default,https://i.imgur.com/IwaRJDH.png
TOTT-34/100,"Ozlai, Chaor's Pilot",Default,https://i.imgur.com/RwK29WT.png
TOTT-6/100,Part'soa,Default,https://i.imgur.com/Vgej6Li.png
SS-13/100,Phelphor,Default,https://i.imgur.com/adzSydT.png
SS-13/100,Phelphor,Alt Art,https://i.imgur.com/2Al4iD7.jpeg
ROTO-42/100,"Phelphor, Of the Deep",Default,https://i.imgur.com/8HECw29.png
AU-23/200,Piddan,Default,https://i.imgur.com/lc2d7Gp.png
AU-13/200,Porthyn,Default,https://i.imgur.com/zb7edP4.png
DOP-BR-05,Prantix,Default,https://i.imgur.com/1apY0zO.png
DOP-77/232,Prince Mudeenu,Default,https://i.imgur.com/LYxnvVN.png
TOTT-P-005,"Prince Mudeenu, Champion of the Guard",Default,https://i.imgur.com/cvoV1tw.png
AU-S02/26,Proboscar,Default,https://i.imgur.com/3R9aQfi.png
DOP-18/232,Psimion,Default,https://i.imgur.com/GbWNLnI.png
DOP-46/232,Pyrithion,Default,https://i.imgur.com/pQ5PnPM.png
DOP-46/232,Pyrithion,Alt Art,https://i.imgur.com/I0l1CTG.jpeg
DOP-BR-06,Quadore,Default,https://i.imgur.com/fKTvtez.png
DOP-78/232,Qwun,Default,https://i.imgur.com/vb3R9Mg.png
AU-59/200,"Qwun, Solitary Scout",Default,https://i.imgur.com/6DLh5js.png
BTD-26/222,Ragetrod,Default,https://i.imgur.com/EMDisfD.png
DOP-P-001,Raimusa,Default,https://i.imgur.com/rfooNei.png
DOP-P-001,Raimusa,Alt Art a,https://i.imgur.com/SayYPHK.jpeg
DOP-P-001,Raimusa,Alt Art b,https://i.imgur.com/B63gs3D.jpeg
ZOTH-28/100,"Ramarhvir, The Danian Hivebringer",Default,https://i.imgur.com/857kNg0.png
SS-31/100,Ranun,Default,https://i.imgur.com/Khh0lyo.png
FUN-31/100,Raquanni,Default,https://i.imgur.com/f0i3eZE.png
DOP-47/232,Rarran,Default,https://i.imgur.com/GlCWd5Q.png
BTD-27/222,"Rarran, Tainted",Default,https://i.imgur.com/ZqjkDx3.png
ROTO-27/100,Rasbma Darini,Default,https://i.imgur.com/1Ru2KdS.png
BTD-64/222,Rath'tab,Default,https://i.imgur.com/NZ6DSmn.png
AU-71/200,"Rath'tab, Mind Scryer",Default,https://i.imgur.com/LTCTKG6.png
ZOTH-5/100,"Raznus, Ambassador to the Danians",Default,https://i.imgur.com/rdN6fa0.png
SS-20/100,"Raznus, Assimilated",Default,https://i.imgur.com/dMqbiw6.png
BTD-39/222,Rebant,Default,https://i.imgur.com/lrVl73e.png
DOP-19/232,Rellim,Default,https://i.imgur.com/NTAjzQR.png
TOTT-20/100,"Rellim, Watermaster",Default,https://i.imgur.com/mGZmkuE.png
ROTO-43/100,Ri'oha,Default,https://i.imgur.com/CfJLYmr.png
ZOTH-35/100,Ribbian,Default,https://i.imgur.com/RpRF1sl.png
FAS-13/100,Riggan,Default,https://i.imgur.com/cAfGlhQ.png
BTD-65/222,Ritzu'dag,Default,https://i.imgur.com/mFeTdig.png
ROTO-44/100,Rol'doi,Default,https://i.imgur.com/l8cz8SU.png
DOP-48/232,Rothar,Default,https://i.imgur.com/Z4wfEhB.png
AU-24/200,"Rothar, Forceful Negotiator",Default,https://i.imgur.com/BzkkEpb.png
TOTT-27/100,Ruhban,Default,https://i.imgur.com/52UcC4R.png
SS-32/100,Saand,Default,https://i.imgur.com/NBqYL5e.png
BTD-53/222,Savell,Default,https://i.imgur.com/vg4APwe.png
AU-25/200,Savitsa,Default,https://i.imgur.com/qgv0VHU.png
AU-26/200,"Seeryn, Servant of Fire",Default,https://i.imgur.com/SUMXQBN.png
AU-60/200,Sepmek,Default,https://i.imgur.com/jnX7LRa.png
DOP-79/232,Shimmark,Default,https://i.imgur.com/eJ8Le6E.png
FUN-32/100,Shinadd,Default,https://i.imgur.com/2aRuUTU.png
DOP-80/232,Siado,Default,https://i.imgur.com/VT2Xnm8.png
AU-14/200,Silchaw,Default,https://i.imgur.com/xOXBXPi.png
AU-61/200,"Silv, Servant of Air",Default,https://i.imgur.com/FQvwetd.png
FUN-P-015,Simalin,Default,https://i.imgur.com/ooDWlRs.png
ROTO-45/100,"Siril'ean, The Songthief",Default,https://i.imgur.com/GWuMQQ9.png
BTD-54/222,Sirri,Default,https://i.imgur.com/RXicQZn.png
DOP-69/232,Skartalas,Default,https://i.imgur.com/kh7lGGz.png
DOP-49/232,Skithia,Default,https://i.imgur.com/bbi7WVM.png
AU-27/200,"Skithia, Gothos Spy",Default,https://i.imgur.com/QlWaRRx.png
AU-S11/26,Skorblust,Default,https://i.imgur.com/CuyGM8N.png
DOP-50/232,Skreeth,Default,https://i.imgur.com/LJKDJjU.png
ZOTH-12/100,Slufurah,Default,https://i.imgur.com/pDBdpeB.png
AU-28/200,"Slufurah, Treacherous Translator",Default,https://i.imgur.com/z4JQfcz.png
DOP-20/232,Slurhk,Default,https://i.imgur.com/5xupe9K.png
AU-S03/26,Smildon,Default,https://i.imgur.com/QLrSAjg.png
DOP-81/232,Sobtjek,Default,https://i.imgur.com/voltSPi.png
DOP-51/232,Solvis,Default,https://i.imgur.com/5WoVRWN.png
AU-15/200,Somnort,Default,https://i.imgur.com/zIPchva.png
AU-72/200,Son'las,Default,https://i.imgur.com/yD5FuTY.png
DOP-21/232,Staluk,Default,https://i.imgur.com/1S1Axqn.png
ROTO-12/100,Stelgar,Default,https://i.imgur.com/OTyyn77.png
AU-29/200,"Stelgar, Vicious Mutation",Default,https://i.imgur.com/Wf28LcJ.png
ZOTH-13/100,Strikto,Default,https://i.imgur.com/F6PLyLr.png
OP-OP1-3/20,Sukoval,Default,https://i.imgur.com/arHZoyO.png
ZOTH-14/100,Swassa,Default,https://i.imgur.com/Wz5r6rP.png
BTD-40/222,Tabaal,Default,https://i.imgur.com/SzDSYyN.png
ROTO-28/100,Taffial,Default,https://i.imgur.com/zmbSmhC.png
AU-62/200,"Taffial, Cothica Hunter",Default,https://i.imgur.com/oIAEhTv.png
DOP-52/232,Takinom,Default,https://i.imgur.com/ZTz4Ts4.png
ROTO-13/100,"Takinom, The Shadowknight",Default,https://i.imgur.com/c2uJmke.png
DOP-22/232,Tangath Toborn,Default,https://i.imgur.com/X53VvvJ.png
BTD-10/222,"Tangath Toborn, In Training",Default,https://i.imgur.com/lHo9ZgZ.png
FUN-7/100,"Tangath Toborn, OverWorld General",Default,https://i.imgur.com/QD9rLXB.png
ROTO-20/100,Tarbok,Default,https://i.imgur.com/LbVIM5R.png
BTD-11/222,Targubaj,Default,https://i.imgur.com/GMMueqZ.png
AU-45/200,Tarin,Default,https://i.imgur.com/lmUWIt1.png
DOP-23/232,Tartarek,Default,https://i.imgur.com/YTqgHpi.png
BTD-12/222,"Tartarek, Psi Overloader",Default,https://i.imgur.com/PBnLOL0.png
OP-g5t7au9z,Tarteme,Default,https://i.imgur.com/GgfCYju.png
ROTO-14/100,Tasqa,Default,https://i.imgur.com/UQFETU7.png
ZOTH-29/100,Tassanil,Default,https://i.imgur.com/F7GBVc5.png
FAS-24/100,"Tassanil, High Elementalist",Default,https://i.imgur.com/hgmpdTg.png
FAS-24/100,"Tassanil, High Elementalist",Uncensored,https://i.imgur.com/kuHkKyE.jpeg
AU-73/200,"Thar'lyn, AZAIA Spy",Default,https://i.imgur.com/KUjcIWy.png 
AU-73/200,"Thar'lyn, AZAIA Spy",Alt Art,https://i.imgur.com/4GOvMOA.jpeg
AU-46/200,"Tharc, Tablet Translator",Default,https://i.imgur.com/eOC0fZs.png
DOP-82/232,Tiaane,Default,https://i.imgur.com/JPf9d9p.png
BTD-55/222,Tinnoi,Default,https://i.imgur.com/jKCBOYf.png
FUN-15/100,Tir'baleen,Default,https://i.imgur.com/0ogs5nj.png
SS-33/100,Titanix,Default,https://i.imgur.com/Hv5SMOh.png
AU-30/200,Toadore,Default,https://i.imgur.com/LjD6MJu.png
BTD-28/222,Tomugar,Default,https://i.imgur.com/yhRIccf.png
TOTT-14/100,Topar,Default,https://i.imgur.com/RNH3rAe.png
FUN-37/100,Torrna,Default,https://i.imgur.com/3k43pYD.png
DOP-53/232,Toxis,Default,https://i.imgur.com/L5RvFYp.png
BTD-13/222,Trimdaal,Default,https://i.imgur.com/7Mlz2Ah.png
DOP-83/232,Ubliqun,Default,https://i.imgur.com/iwYIDmv.png
SS-34/100,Uboraan,Default,https://i.imgur.com/aaRo9Qc.png
BTD-41/222,Uholdan,Default,https://i.imgur.com/FPQ5Fyy.png
FUN-16/100,Uksum,Default,https://i.imgur.com/JyBfxsv.png
DOP-BR-07,Ulfhedinn,Default,https://i.imgur.com/SC3oLmx.png
DOP-BR-07,Ulfhedinn,Alt Art,https://i.imgur.com/qQjEqJl.png
DOP-54/232,Ulmar,Default,https://i.imgur.com/ncdKmDv.png
AU-31/200,"Ulmar, Perithon Racer",Default,https://i.imgur.com/KS7QszI.png
OP-LR04/10,"Ulmar, Wavescrambler",Default,https://i.imgur.com/cVcS2VL.png
BTD-42/222,Ulmquad,Default,https://i.imgur.com/jdbMwPH.png
ZOTH-15/100,Ultadur,Default,https://i.imgur.com/KoFdvfb.png
AU-16/200,"Unda, Servant of Water",Default,https://i.imgur.com/GYs1WxS.png
DOP-84/232,Uro,Default,https://i.imgur.com/7RzGpbR.png
AU-S04/26,Ursis,Default,https://i.imgur.com/dEpaOqj.png
TOTT-28/100,Ustabe,Default,https://i.imgur.com/wtMPF1p.png
DOP-70/232,Valanii Levaan,Default,https://i.imgur.com/IsPYken.png
AU-47/200,Valban,Default,https://i.imgur.com/Jluh5RD.png
OP-OP1-10/20,Vasquin,Default,https://i.imgur.com/iHLaBrR.png
DOP-24/232,Velreth,Default,https://i.imgur.com/ZWavo12.png
DOP-25/232,Vidav,Default,https://i.imgur.com/40IHUQO.png
FUN-8/100,"Vidav, Master Strategist",Default,https://i.imgur.com/U9Z2ZwY.png
TOTT-35/100,Vilrik Landfarer,Default,https://i.imgur.com/4dRNpQ1.png
DOP-85/232,Vinta,Default,https://i.imgur.com/pWZtAS3.png
SS-9/100,Viqtarr,Default,https://i.imgur.com/5FfAlfS.png
ROTO-46/100,Vitar'zu,Default,https://i.imgur.com/DQMJvBq.png
TOTT-7/100,Vix'ben,Default,https://i.imgur.com/n9EAmgF.png
AU-S08/26,Vlar,Default,https://i.imgur.com/lDPMaiy.png
AU-S12/26,Voorx,Default,https://i.imgur.com/rCCCgIR.png
FUN-24/100,Vunhra,Default,https://i.imgur.com/VQmYf0b.png
SS-14/100,Vyll,Default,https://i.imgur.com/NZmAbB6.png
DOP-71/232,Wamma,Default,https://i.imgur.com/E5iPNDn.png
FAS-20/100,"Wamma, Flame Guard",Default,https://i.imgur.com/ycYvAcn.png
ROTO-21/100,"Wamma, Hive Ordnance",Default,https://i.imgur.com/KVOBMIC.png
FUN-38/100,Wilt'dred,Default,https://i.imgur.com/TG61Fm0.png
BTD-56/222,Wistanne,Default,https://i.imgur.com/uZWhtrH.png
BTD-14/222,Wrenges,Default,https://i.imgur.com/WXMyH9e.png
SS-10/100,Wytod,Default,https://i.imgur.com/MjRdeoX.png
DOP-26/232,Xaerv,Default,https://i.imgur.com/x3eSwO9.png
TOTT-21/100,"Xaerv, Monsoon Defender",Default,https://i.imgur.com/4pMX4eP.png
SS-35/100,Xelfe,Default,https://i.imgur.com/BmOswaF.png
DOP-55/232,Xield,Default,https://i.imgur.com/OIHEP2X.png
BTD-66/222,Xis'torq,Default,https://i.imgur.com/b0iPClD.png
AU-63/200,Ylinné,Default,https://i.imgur.com/qEyL3JP.png
DOP-27/232,Yokkis,Default,https://i.imgur.com/VGYVmRG.png
TOTT-P-006,"Yokkis, Spooker",Default,https://i.imgur.com/Lh9l6SJ.png
ZOTH-30/100,Yondaf,Default,https://i.imgur.com/XUkAdds.png
AU-48/200,"Yondaf, Symbiotic Infector",Default,https://i.imgur.com/dif9zMW.png
TOTT-5/100,Yterio,Default,https://i.imgur.com/5X0oRyF.png
DOP-28/232,Zalic,Default,https://i.imgur.com/XLpEJyY.png
AU-32/200,"Zamool, Lord Van Bloot's Enforcer",Default,https://i.imgur.com/GdEUkSi.png
SS-15/100,Zapetur,Default,https://i.imgur.com/cLOfSMA.png
DOP-56/232,Zaur,Default,https://i.imgur.com/J352FCH.png
DOP-86/232,Zhade,Default,https://i.imgur.com/I1gPfR5.png
AU-64/200,"Zhade, Dig Site Defender",Default,https://i.imgur.com/eEZdWOB.png